strategy,symbol,entry_time,entry_price,tp_price,sl_price,outcome,hit_time,hit_price,realized_pnl_usd,final_price,final_unrealized_pnl_usd
TP 2% / SL 1%,ALGO,2025-09-23 10:00:20.163097+00:00,0.21305624905858864,0.21731737403976042,0.21092568656800276,no_hit,,,0.01993975833458364,0.21348107807037875,0.01993975833458364
TP 2% / SL 1%,APT,2025-09-23 10:00:20.163097+00:00,4.262954311006833,4.34821339722697,4.220324767896765,tp,2025-09-23 18:03:24.302506+00:00,4.353194412279467,0.2,4.2753725122402315,0.0
TP 2% / SL 1%,ARB,2025-09-23 10:00:20.163097+00:00,0.4360607052784293,0.44478191938399786,0.431700098225645,sl,2025-09-23 13:01:29.588835+00:00,0.4270013081615826,-0.1,0.43321264404050086,0.0
TP 2% / SL 1%,BGB,2025-09-23 10:00:20.163097+00:00,5.144799814025732,5.247695810306247,5.093351815885475,tp,2025-09-24 04:07:09.245829+00:00,5.272433658654917,0.2,5.243991891070203,0.0
TP 2% / SL 1%,CBBTC,2025-09-23 10:00:20.163097+00:00,112760.1910500108,115015.39487101103,111632.5891395107,no_hit,,,-0.08245827269027453,111830.38999178988,-0.08245827269027453
TP 2% / SL 1%,CNX,2025-09-23 10:00:20.163097+00:00,57.63531723012122,58.788023574723645,57.058964057820006,no_hit,,,-0.07731903712725466,57.18968650684553,-0.07731903712725466
TP 2% / SL 1%,DOGE,2025-09-23 10:00:20.163097+00:00,0.24011896802991672,0.24492134739051508,0.23771777834961755,no_hit,,,-0.056854125964406435,0.2387537926244351,-0.056854125964406435
TP 2% / SL 1%,ETC,2025-09-23 10:00:20.163097+00:00,18.62549207712627,18.9980019186688,18.43923715635501,tp,2025-09-24 01:05:58.767496+00:00,19.045737549837824,0.2,18.87898408167561,0.0
TP 2% / SL 1%,FLR,2025-09-23 10:00:20.163097+00:00,0.02369964,0.0241736328,0.0234626436,sl,2025-09-23 13:01:29.588835+00:00,0.02343405,-0.1,0.02351736,0.0
TP 2% / SL 1%,HBAR,2025-09-23 10:00:20.163097+00:00,0.22158655842908648,0.2260182895976682,0.2193706928447956,no_hit,,,-0.07309963304635933,0.2199667688181693,-0.07309963304635933
TP 2% / SL 1%,ICP,2025-09-23 10:00:20.163097+00:00,4.3269519130929055,4.413490951354763,4.283682393961977,sl,2025-09-23 13:01:29.588835+00:00,4.265329502855264,-0.1,4.325710686093039,0.0
TP 2% / SL 1%,INSURANCE,2025-09-23 10:00:20.163097+00:00,115.12340928096523,117.42587746658454,113.97217518815557,no_hit,,,0.06044015523595499,115.81921695378863,0.06044015523595499
TP 2% / SL 1%,L1X,2025-09-23 10:00:20.163097+00:00,17.268180245387512,17.61354385029526,17.095498442933636,no_hit,,,-0.02559511408564648,17.223982141044292,-0.02559511408564648
TP 2% / SL 1%,LEO,2025-09-23 10:00:20.163097+00:00,9.484196231309511,9.673880155935702,9.389354268996415,no_hit,,,0.013071901480934392,9.496593879185664,0.013071901480934392
TP 2% / SL 1%,LINK,2025-09-23 10:00:20.163097+00:00,21.53569303431039,21.9664068949966,21.320336103967286,no_hit,,,0.05708337286903276,21.65862603385745,0.05708337286903276
TP 2% / SL 1%,LSETH,2025-09-23 10:00:20.163097+00:00,4530.787884457101,4621.403642146243,4485.4800056125305,no_hit,,,-0.060170417355828495,4503.52594466125,-0.060170417355828495
TP 2% / SL 1%,MRS,2025-09-24 01:05:58.767496+00:00,19.818487540499998,20.214857291309997,19.620302665094997,tp,2025-09-24 03:06:44.293854+00:00,24.926195528309098,0.2,23.609454963738116,0.0
TP 2% / SL 1%,MYX,2025-09-23 10:00:20.163097+00:00,9.226760513332975,9.411295723599634,9.134492908199645,tp,2025-09-23 11:00:43.154892+00:00,9.425382010690097,0.2,8.70456058878385,0.0
TP 2% / SL 1%,NEAR,2025-09-23 10:00:20.163097+00:00,2.9659542541372454,3.02527333921999,2.936294711595873,sl,2025-09-23 13:01:29.588835+00:00,2.902731683418561,-0.1,2.9687903715334056,0.0
TP 2% / SL 1%,OKB,2025-09-23 10:00:20.163097+00:00,183.56287434293898,187.23413182979778,181.7272455995096,sl,2025-09-23 13:01:29.588835+00:00,181.29228024823266,-0.1,180.56476905164308,0.0
TP 2% / SL 1%,PENGU,2025-09-23 10:00:20.163097+00:00,0.03052663332236611,0.031137165988813432,0.030221366989142448,sl,2025-09-23 13:01:29.588835+00:00,0.02976505646224513,-0.1,0.02956038208349984,0.0
TP 2% / SL 1%,PEPE,2025-09-23 10:00:20.163097+00:00,9.621446700679396e-06,9.813875634692984e-06,9.525232233672603e-06,no_hit,,,0.00026090587485560893,9.621697729876278e-06,0.00026090587485560893
TP 2% / SL 1%,POL,2025-09-23 10:00:20.163097+00:00,0.2269432786663184,0.23148214423964475,0.2246738458796552,sl,2025-09-24 05:07:32.149141+00:00,0.22431134488904939,-0.1,0.22419296416668072,0.0
TP 2% / SL 1%,PUMP,2025-09-23 10:00:20.163097+00:00,0.00562369,0.0057361638,0.0055674531,sl,2025-09-23 13:01:29.588835+00:00,0.00551466,-0.1,0.00585712,0.0
TP 2% / SL 1%,RYO,2025-09-23 10:00:20.163097+00:00,6.675132195507821,6.808634839417977,6.6083808735527425,no_hit,,,0.04679738631223236,6.706370069511661,0.04679738631223236
TP 2% / SL 1%,SEI,2025-09-23 10:00:20.163097+00:00,0.28846148829519425,0.29423071806109813,0.2855768734122423,tp,2025-09-23 19:03:46.491408+00:00,0.29518756683875746,0.2,0.2905120189128231,0.0
TP 2% / SL 1%,SHIB,2025-09-23 10:00:20.163097+00:00,1.2088276419813053e-05,1.2330041948209314e-05,1.1967393655614922e-05,no_hit,,,0.020755383686762024,1.2113366101333538e-05,0.020755383686762024
TP 2% / SL 1%,STETH,2025-09-23 10:00:20.163097+00:00,4185.830180880786,4269.546784498402,4143.971879071979,no_hit,,,-0.05622793418306282,4162.294122489582,-0.05622793418306282
TP 2% / SL 1%,SUI,2025-09-23 10:00:20.163097+00:00,3.3636717545544768,3.4309451896455663,3.330035037008932,no_hit,,,-0.07669847811978907,3.337872904107592,-0.07669847811978907
TP 2% / SL 1%,SUSDE,2025-09-23 10:00:20.163097+00:00,1.1973819426883159,1.2213295815420822,1.1854081232614326,no_hit,,,-0.010205055550675343,1.196160007764265,-0.010205055550675343
TP 2% / SL 1%,SUSDS,2025-09-23 10:00:20.163097+00:00,1.068,1.08936,1.05732,no_hit,,,0.05617977528089893,1.074,0.05617977528089893
TP 2% / SL 1%,T99,2025-09-23 10:00:20.163097+00:00,0.16970172501119615,0.1730957595114201,0.1680047077610842,no_hit,,,-0.009154026610780306,0.16954637960053137,-0.009154026610780306
TP 2% / SL 1%,TAO,2025-09-23 10:00:20.163097+00:00,316.73600504439395,323.0707251452818,313.56864499395,sl,2025-09-24 04:07:09.245829+00:00,312.7189589009547,-0.1,309.59193164498737,0.0
TP 2% / SL 1%,UNI,2025-09-23 10:00:20.163097+00:00,8.204094226053533,8.368176110574604,8.122053283792997,sl,2025-09-23 15:02:16.162829+00:00,8.103231856094887,-0.1,8.064208393283232,0.0
TP 2% / SL 1%,USDTB,2025-09-23 10:00:20.163097+00:00,0.999941,1.01993982,0.9899415899999999,no_hit,,,0.0005900348120542237,1.0,0.0005900348120542237
TP 2% / SL 1%,UZX,2025-09-23 10:00:20.163097+00:00,2.7359540744516213,2.7906731559406537,2.708594533707105,no_hit,,,-0.0809910351431058,2.713795299192238,-0.0809910351431058
TP 2% / SL 1%,WBETH,2025-09-23 10:00:20.163097+00:00,4523.004729349225,4613.4648239362095,4477.774682055733,no_hit,,,-0.07411915725970797,4489.4805994671215,-0.07411915725970797
TP 2% / SL 1%,WEETH,2025-09-23 10:00:20.163097+00:00,4503.268573111907,4593.333944574146,4458.235887380788,no_hit,,,-0.04935887041128545,4481.040948119163,-0.04935887041128545
TP 2% / SL 1%,WLFI,2025-09-23 10:00:20.163097+00:00,0.21288,0.21713760000000001,0.2107512,sl,2025-09-23 13:01:29.588835+00:00,0.207337,-0.1,0.195567613873244,0.0
TP 2% / SL 1%,ZETRIX,2025-09-23 10:00:20.163097+00:00,14.384535506349525,14.672226216476517,14.24069015128603,sl,2025-09-23 15:02:16.162829+00:00,14.23629727540318,-0.1,14.0496032339837,0.0
TP 4% / SL 2%,ALGO,2025-09-23 10:00:20.163097+00:00,0.21305624905858864,0.22157849902093218,0.20879512407741685,no_hit,,,0.01993975833458364,0.21348107807037875,0.01993975833458364
TP 4% / SL 2%,APT,2025-09-23 10:00:20.163097+00:00,4.262954311006833,4.433472483447106,4.177695224786697,no_hit,,,0.02913050510847547,4.2753725122402315,0.02913050510847547
TP 4% / SL 2%,ARB,2025-09-23 10:00:20.163097+00:00,0.4360607052784293,0.45350313348956645,0.4273394911728607,sl,2025-09-23 13:01:29.588835+00:00,0.4270013081615826,-0.2,0.43321264404050086,0.0
TP 4% / SL 2%,BGB,2025-09-23 10:00:20.163097+00:00,5.144799814025732,5.3505918065867615,5.041903817745217,no_hit,,,0.19280065431127896,5.243991891070203,0.19280065431127896
TP 4% / SL 2%,CBBTC,2025-09-23 10:00:20.163097+00:00,112760.1910500108,117270.59869201125,110504.98722901058,no_hit,,,-0.08245827269027453,111830.38999178988,-0.08245827269027453
TP 4% / SL 2%,CNX,2025-09-23 10:00:20.163097+00:00,57.63531723012122,59.94072991932607,56.48261088551879,no_hit,,,-0.07731903712725466,57.18968650684553,-0.07731903712725466
TP 4% / SL 2%,DOGE,2025-09-23 10:00:20.163097+00:00,0.24011896802991672,0.2497237267511134,0.23531658866931837,no_hit,,,-0.056854125964406435,0.2387537926244351,-0.056854125964406435
TP 4% / SL 2%,ETC,2025-09-23 10:00:20.163097+00:00,18.62549207712627,19.370511760211322,18.252982235583744,no_hit,,,0.13609949390848597,18.87898408167561,0.13609949390848597
TP 4% / SL 2%,FLR,2025-09-23 10:00:20.163097+00:00,0.02369964,0.0246476256,0.0232256472,no_hit,,,-0.07691256069712449,0.02351736,-0.07691256069712449
TP 4% / SL 2%,HBAR,2025-09-23 10:00:20.163097+00:00,0.22158655842908648,0.23045002076624996,0.21715482726050475,no_hit,,,-0.07309963304635933,0.2199667688181693,-0.07309963304635933
TP 4% / SL 2%,ICP,2025-09-23 10:00:20.163097+00:00,4.3269519130929055,4.500029989616622,4.240412874831048,no_hit,,,-0.0028685943934585027,4.325710686093039,-0.0028685943934585027
TP 4% / SL 2%,INSURANCE,2025-09-23 10:00:20.163097+00:00,115.12340928096523,119.72834565220384,112.82094109534593,no_hit,,,0.06044015523595499,115.81921695378863,0.06044015523595499
TP 4% / SL 2%,L1X,2025-09-23 10:00:20.163097+00:00,17.268180245387512,17.958907455203015,16.922816640479763,no_hit,,,-0.02559511408564648,17.223982141044292,-0.02559511408564648
TP 4% / SL 2%,LEO,2025-09-23 10:00:20.163097+00:00,9.484196231309511,9.863564080561892,9.29451230668332,no_hit,,,0.013071901480934392,9.496593879185664,0.013071901480934392
TP 4% / SL 2%,LINK,2025-09-23 10:00:20.163097+00:00,21.53569303431039,22.397120755682806,21.104979173624184,no_hit,,,0.05708337286903276,21.65862603385745,0.05708337286903276
TP 4% / SL 2%,LSETH,2025-09-23 10:00:20.163097+00:00,4530.787884457101,4712.019399835385,4440.1721267679595,no_hit,,,-0.060170417355828495,4503.52594466125,-0.060170417355828495
TP 4% / SL 2%,MRS,2025-09-24 01:05:58.767496+00:00,19.818487540499998,20.61122704212,19.42211778969,tp,2025-09-24 03:06:44.293854+00:00,24.926195528309098,0.4,23.609454963738116,0.0
TP 4% / SL 2%,MYX,2025-09-23 10:00:20.163097+00:00,9.226760513332975,9.595830933866294,9.042225303066315,tp,2025-09-23 12:01:06.509976+00:00,9.672584698515449,0.4,8.70456058878385,0.0
TP 4% / SL 2%,NEAR,2025-09-23 10:00:20.163097+00:00,2.9659542541372454,3.0845924243027354,2.9066351690545007,sl,2025-09-23 13:01:29.588835+00:00,2.902731683418561,-0.2,2.9687903715334056,0.0
TP 4% / SL 2%,OKB,2025-09-23 10:00:20.163097+00:00,183.56287434293898,190.90538931665654,179.8916168560802,no_hit,,,-0.16332852174098825,180.56476905164308,-0.16332852174098825
TP 4% / SL 2%,PENGU,2025-09-23 10:00:20.163097+00:00,0.03052663332236611,0.03174769865526075,0.02991610065591879,sl,2025-09-23 13:01:29.588835+00:00,0.02976505646224513,-0.2,0.02956038208349984,0.0
TP 4% / SL 2%,PEPE,2025-09-23 10:00:20.163097+00:00,9.621446700679396e-06,1.0006304568706573e-05,9.429017766665808e-06,no_hit,,,0.00026090587485560893,9.621697729876278e-06,0.00026090587485560893
TP 4% / SL 2%,POL,2025-09-23 10:00:20.163097+00:00,0.2269432786663184,0.23602100981297114,0.22240441309299203,no_hit,,,-0.12118951113249489,0.22419296416668072,-0.12118951113249489
TP 4% / SL 2%,PUMP,2025-09-23 10:00:20.163097+00:00,0.00562369,0.0058486376,0.005511216199999999,tp,2025-09-23 20:04:08.543883+00:00,0.0058698543292748945,0.4,0.00585712,0.0
TP 4% / SL 2%,RYO,2025-09-23 10:00:20.163097+00:00,6.675132195507821,6.942137483328135,6.541629551597665,no_hit,,,0.04679738631223236,6.706370069511661,0.04679738631223236
TP 4% / SL 2%,SEI,2025-09-23 10:00:20.163097+00:00,0.28846148829519425,0.299999947827002,0.28269225852929036,no_hit,,,0.07108507377353754,0.2905120189128231,0.07108507377353754
TP 4% / SL 2%,SHIB,2025-09-23 10:00:20.163097+00:00,1.2088276419813053e-05,1.2571807476605574e-05,1.184651089141679e-05,no_hit,,,0.020755383686762024,1.2113366101333538e-05,0.020755383686762024
TP 4% / SL 2%,STETH,2025-09-23 10:00:20.163097+00:00,4185.830180880786,4353.263388116018,4102.113577263171,no_hit,,,-0.05622793418306282,4162.294122489582,-0.05622793418306282
TP 4% / SL 2%,SUI,2025-09-23 10:00:20.163097+00:00,3.3636717545544768,3.498218624736656,3.2963983194633872,no_hit,,,-0.07669847811978907,3.337872904107592,-0.07669847811978907
TP 4% / SL 2%,SUSDE,2025-09-23 10:00:20.163097+00:00,1.1973819426883159,1.2452772203958486,1.1734343038345496,no_hit,,,-0.010205055550675343,1.196160007764265,-0.010205055550675343
TP 4% / SL 2%,SUSDS,2025-09-23 10:00:20.163097+00:00,1.068,1.1107200000000002,1.04664,no_hit,,,0.05617977528089893,1.074,0.05617977528089893
TP 4% / SL 2%,T99,2025-09-23 10:00:20.163097+00:00,0.16970172501119615,0.176489794011644,0.16630769051097222,no_hit,,,-0.009154026610780306,0.16954637960053137,-0.009154026610780306
TP 4% / SL 2%,TAO,2025-09-23 10:00:20.163097+00:00,316.73600504439395,329.40544524616973,310.4012849435061,sl,2025-09-24 06:07:54.984407+00:00,309.59193164498737,-0.2,309.59193164498737,0.0
TP 4% / SL 2%,UNI,2025-09-23 10:00:20.163097+00:00,8.204094226053533,8.532257995095675,8.040012341532462,no_hit,,,-0.17050734537649315,8.064208393283232,-0.17050734537649315
TP 4% / SL 2%,USDTB,2025-09-23 10:00:20.163097+00:00,0.999941,1.03993864,0.97994218,no_hit,,,0.0005900348120542237,1.0,0.0005900348120542237
TP 4% / SL 2%,UZX,2025-09-23 10:00:20.163097+00:00,2.7359540744516213,2.845392237429686,2.681234992962589,no_hit,,,-0.0809910351431058,2.713795299192238,-0.0809910351431058
TP 4% / SL 2%,WBETH,2025-09-23 10:00:20.163097+00:00,4523.004729349225,4703.924918523195,4432.544634762241,no_hit,,,-0.07411915725970797,4489.4805994671215,-0.07411915725970797
TP 4% / SL 2%,WEETH,2025-09-23 10:00:20.163097+00:00,4503.268573111907,4683.399316036383,4413.203201649669,no_hit,,,-0.04935887041128545,4481.040948119163,-0.04935887041128545
TP 4% / SL 2%,WLFI,2025-09-23 10:00:20.163097+00:00,0.21288,0.22139520000000001,0.2086224,sl,2025-09-23 13:01:29.588835+00:00,0.207337,-0.2,0.195567613873244,0.0
TP 4% / SL 2%,ZETRIX,2025-09-23 10:00:20.163097+00:00,14.384535506349525,14.959916926603507,14.096844796222534,sl,2025-09-23 22:04:52.221195+00:00,14.086648588334919,-0.2,14.0496032339837,0.0
TP 5% / SL 2.5%,ALGO,2025-09-23 10:00:20.163097+00:00,0.21305624905858864,0.22370906151151806,0.20772984283212392,no_hit,,,0.01993975833458364,0.21348107807037875,0.01993975833458364
TP 5% / SL 2.5%,APT,2025-09-23 10:00:20.163097+00:00,4.262954311006833,4.476102026557175,4.156380453231662,no_hit,,,0.02913050510847547,4.2753725122402315,0.02913050510847547
TP 5% / SL 2.5%,ARB,2025-09-23 10:00:20.163097+00:00,0.4360607052784293,0.45786374054235074,0.42515918764646854,no_hit,,,-0.06531341172119362,0.43321264404050086,-0.06531341172119362
TP 5% / SL 2.5%,BGB,2025-09-23 10:00:20.163097+00:00,5.144799814025732,5.402039804727019,5.016179818675089,no_hit,,,0.19280065431127896,5.243991891070203,0.19280065431127896
TP 5% / SL 2.5%,CBBTC,2025-09-23 10:00:20.163097+00:00,112760.1910500108,118398.20060251135,109941.18627376054,no_hit,,,-0.08245827269027453,111830.38999178988,-0.08245827269027453
TP 5% / SL 2.5%,CNX,2025-09-23 10:00:20.163097+00:00,57.63531723012122,60.51708309162728,56.19443429936818,no_hit,,,-0.07731903712725466,57.18968650684553,-0.07731903712725466
TP 5% / SL 2.5%,DOGE,2025-09-23 10:00:20.163097+00:00,0.24011896802991672,0.25212491643141255,0.2341159938291688,no_hit,,,-0.056854125964406435,0.2387537926244351,-0.056854125964406435
TP 5% / SL 2.5%,ETC,2025-09-23 10:00:20.163097+00:00,18.62549207712627,19.556766680982584,18.159854775198113,no_hit,,,0.13609949390848597,18.87898408167561,0.13609949390848597
TP 5% / SL 2.5%,FLR,2025-09-23 10:00:20.163097+00:00,0.02369964,0.024884622000000002,0.023107149,no_hit,,,-0.07691256069712449,0.02351736,-0.07691256069712449
TP 5% / SL 2.5%,HBAR,2025-09-23 10:00:20.163097+00:00,0.22158655842908648,0.2326658863505408,0.2160468944683593,no_hit,,,-0.07309963304635933,0.2199667688181693,-0.07309963304635933
TP 5% / SL 2.5%,ICP,2025-09-23 10:00:20.163097+00:00,4.3269519130929055,4.543299508747551,4.218778115265582,no_hit,,,-0.0028685943934585027,4.325710686093039,-0.0028685943934585027
TP 5% / SL 2.5%,INSURANCE,2025-09-23 10:00:20.163097+00:00,115.12340928096523,120.8795797450135,112.2453240489411,no_hit,,,0.06044015523595499,115.81921695378863,0.06044015523595499
TP 5% / SL 2.5%,L1X,2025-09-23 10:00:20.163097+00:00,17.268180245387512,18.131589257656888,16.836475739252823,no_hit,,,-0.02559511408564648,17.223982141044292,-0.02559511408564648
TP 5% / SL 2.5%,LEO,2025-09-23 10:00:20.163097+00:00,9.484196231309511,9.958406042874987,9.247091325526773,no_hit,,,0.013071901480934392,9.496593879185664,0.013071901480934392
TP 5% / SL 2.5%,LINK,2025-09-23 10:00:20.163097+00:00,21.53569303431039,22.612477686025912,20.99730070845263,no_hit,,,0.05708337286903276,21.65862603385745,0.05708337286903276
TP 5% / SL 2.5%,LSETH,2025-09-23 10:00:20.163097+00:00,4530.787884457101,4757.327278679957,4417.518187345674,no_hit,,,-0.060170417355828495,4503.52594466125,-0.060170417355828495
TP 5% / SL 2.5%,MRS,2025-09-24 01:05:58.767496+00:00,19.818487540499998,20.809411917524997,19.323025351987496,tp,2025-09-24 03:06:44.293854+00:00,24.926195528309098,0.5,23.609454963738116,0.0
TP 5% / SL 2.5%,MYX,2025-09-23 10:00:20.163097+00:00,9.226760513332975,9.688098538999624,8.99609150049965,tp,2025-09-23 20:04:08.543883+00:00,9.769439636642677,0.5,8.70456058878385,0.0
TP 5% / SL 2.5%,NEAR,2025-09-23 10:00:20.163097+00:00,2.9659542541372454,3.1142519668441078,2.891805397783814,tp,2025-09-23 18:03:24.302506+00:00,3.11741943374877,0.5,2.9687903715334056,0.0
TP 5% / SL 2.5%,OKB,2025-09-23 10:00:20.163097+00:00,183.56287434293898,192.74101806008593,178.9738024843655,no_hit,,,-0.16332852174098825,180.56476905164308,-0.16332852174098825
TP 5% / SL 2.5%,PENGU,2025-09-23 10:00:20.163097+00:00,0.03052663332236611,0.032052964988484416,0.029763467489306958,sl,2025-09-23 15:02:16.162829+00:00,0.02975862943163513,-0.25,0.02956038208349984,0.0
TP 5% / SL 2.5%,PEPE,2025-09-23 10:00:20.163097+00:00,9.621446700679396e-06,1.0102519035713366e-05,9.380910533162411e-06,no_hit,,,0.00026090587485560893,9.621697729876278e-06,0.00026090587485560893
TP 5% / SL 2.5%,POL,2025-09-23 10:00:20.163097+00:00,0.2269432786663184,0.2382904425996343,0.22126969669966043,no_hit,,,-0.12118951113249489,0.22419296416668072,-0.12118951113249489
TP 5% / SL 2.5%,PUMP,2025-09-23 10:00:20.163097+00:00,0.00562369,0.0059048745,0.00548309775,no_hit,,,0.4150833349633437,0.00585712,0.4150833349633437
TP 5% / SL 2.5%,RYO,2025-09-23 10:00:20.163097+00:00,6.675132195507821,7.008888805283212,6.508253890620125,no_hit,,,0.04679738631223236,6.706370069511661,0.04679738631223236
TP 5% / SL 2.5%,SEI,2025-09-23 10:00:20.163097+00:00,0.28846148829519425,0.30288456270995395,0.28124995108781436,no_hit,,,0.07108507377353754,0.2905120189128231,0.07108507377353754
TP 5% / SL 2.5%,SHIB,2025-09-23 10:00:20.163097+00:00,1.2088276419813053e-05,1.2692690240803705e-05,1.1786069509317725e-05,no_hit,,,0.020755383686762024,1.2113366101333538e-05,0.020755383686762024
TP 5% / SL 2.5%,STETH,2025-09-23 10:00:20.163097+00:00,4185.830180880786,4395.121689924826,4081.184426358767,no_hit,,,-0.05622793418306282,4162.294122489582,-0.05622793418306282
TP 5% / SL 2.5%,SUI,2025-09-23 10:00:20.163097+00:00,3.3636717545544768,3.5318553422822005,3.2795799606906146,no_hit,,,-0.07669847811978907,3.337872904107592,-0.07669847811978907
TP 5% / SL 2.5%,SUSDE,2025-09-23 10:00:20.163097+00:00,1.1973819426883159,1.2572510398227317,1.1674473941211079,no_hit,,,-0.010205055550675343,1.196160007764265,-0.010205055550675343
TP 5% / SL 2.5%,SUSDS,2025-09-23 10:00:20.163097+00:00,1.068,1.1214000000000002,1.0413000000000001,no_hit,,,0.05617977528089893,1.074,0.05617977528089893
TP 5% / SL 2.5%,T99,2025-09-23 10:00:20.163097+00:00,0.16970172501119615,0.17818681126175598,0.16545918188591624,no_hit,,,-0.009154026610780306,0.16954637960053137,-0.009154026610780306
TP 5% / SL 2.5%,TAO,2025-09-23 10:00:20.163097+00:00,316.73600504439395,332.57280529661364,308.8176049182841,no_hit,,,-0.22555293006253777,309.59193164498737,-0.22555293006253777
TP 5% / SL 2.5%,UNI,2025-09-23 10:00:20.163097+00:00,8.204094226053533,8.61429893735621,7.998991870402194,no_hit,,,-0.17050734537649315,8.064208393283232,-0.17050734537649315
TP 5% / SL 2.5%,USDTB,2025-09-23 10:00:20.163097+00:00,0.999941,1.04993805,0.974942475,no_hit,,,0.0005900348120542237,1.0,0.0005900348120542237
TP 5% / SL 2.5%,UZX,2025-09-23 10:00:20.163097+00:00,2.7359540744516213,2.8727517781742025,2.6675552225903307,no_hit,,,-0.0809910351431058,2.713795299192238,-0.0809910351431058
TP 5% / SL 2.5%,WBETH,2025-09-23 10:00:20.163097+00:00,4523.004729349225,4749.154965816687,4409.9296111154945,no_hit,,,-0.07411915725970797,4489.4805994671215,-0.07411915725970797
TP 5% / SL 2.5%,WEETH,2025-09-23 10:00:20.163097+00:00,4503.268573111907,4728.432001767503,4390.686858784109,no_hit,,,-0.04935887041128545,4481.040948119163,-0.04935887041128545
TP 5% / SL 2.5%,WLFI,2025-09-23 10:00:20.163097+00:00,0.21288,0.22352400000000003,0.20755800000000002,sl,2025-09-23 13:01:29.588835+00:00,0.207337,-0.25,0.195567613873244,0.0
TP 5% / SL 2.5%,ZETRIX,2025-09-23 10:00:20.163097+00:00,14.384535506349525,15.103762281667002,14.024922118690787,no_hit,,,-0.23284191013187916,14.0496032339837,-0.23284191013187916
TP 6% / SL 2%,ALGO,2025-09-23 10:00:20.163097+00:00,0.21305624905858864,0.22583962400210397,0.20879512407741685,no_hit,,,0.01993975833458364,0.21348107807037875,0.01993975833458364
TP 6% / SL 2%,APT,2025-09-23 10:00:20.163097+00:00,4.262954311006833,4.518731569667244,4.177695224786697,no_hit,,,0.02913050510847547,4.2753725122402315,0.02913050510847547
TP 6% / SL 2%,ARB,2025-09-23 10:00:20.163097+00:00,0.4360607052784293,0.46222434759513503,0.4273394911728607,sl,2025-09-23 13:01:29.588835+00:00,0.4270013081615826,-0.2,0.43321264404050086,0.0
TP 6% / SL 2%,BGB,2025-09-23 10:00:20.163097+00:00,5.144799814025732,5.453487802867277,5.041903817745217,no_hit,,,0.19280065431127896,5.243991891070203,0.19280065431127896
TP 6% / SL 2%,CBBTC,2025-09-23 10:00:20.163097+00:00,112760.1910500108,119525.80251301145,110504.98722901058,no_hit,,,-0.08245827269027453,111830.38999178988,-0.08245827269027453
TP 6% / SL 2%,CNX,2025-09-23 10:00:20.163097+00:00,57.63531723012122,61.093436263928496,56.48261088551879,no_hit,,,-0.07731903712725466,57.18968650684553,-0.07731903712725466
TP 6% / SL 2%,DOGE,2025-09-23 10:00:20.163097+00:00,0.24011896802991672,0.2545261061117117,0.23531658866931837,no_hit,,,-0.056854125964406435,0.2387537926244351,-0.056854125964406435
TP 6% / SL 2%,ETC,2025-09-23 10:00:20.163097+00:00,18.62549207712627,19.74302160175385,18.252982235583744,no_hit,,,0.13609949390848597,18.87898408167561,0.13609949390848597
TP 6% / SL 2%,FLR,2025-09-23 10:00:20.163097+00:00,0.02369964,0.025121618400000004,0.0232256472,no_hit,,,-0.07691256069712449,0.02351736,-0.07691256069712449
TP 6% / SL 2%,HBAR,2025-09-23 10:00:20.163097+00:00,0.22158655842908648,0.23488175193483168,0.21715482726050475,no_hit,,,-0.07309963304635933,0.2199667688181693,-0.07309963304635933
TP 6% / SL 2%,ICP,2025-09-23 10:00:20.163097+00:00,4.3269519130929055,4.58656902787848,4.240412874831048,no_hit,,,-0.0028685943934585027,4.325710686093039,-0.0028685943934585027
TP 6% / SL 2%,INSURANCE,2025-09-23 10:00:20.163097+00:00,115.12340928096523,122.03081383782316,112.82094109534593,no_hit,,,0.06044015523595499,115.81921695378863,0.06044015523595499
TP 6% / SL 2%,L1X,2025-09-23 10:00:20.163097+00:00,17.268180245387512,18.304271060110764,16.922816640479763,no_hit,,,-0.02559511408564648,17.223982141044292,-0.02559511408564648
TP 6% / SL 2%,LEO,2025-09-23 10:00:20.163097+00:00,9.484196231309511,10.053248005188083,9.29451230668332,no_hit,,,0.013071901480934392,9.496593879185664,0.013071901480934392
TP 6% / SL 2%,LINK,2025-09-23 10:00:20.163097+00:00,21.53569303431039,22.827834616369017,21.104979173624184,no_hit,,,0.05708337286903276,21.65862603385745,0.05708337286903276
TP 6% / SL 2%,LSETH,2025-09-23 10:00:20.163097+00:00,4530.787884457101,4802.635157524528,4440.1721267679595,no_hit,,,-0.060170417355828495,4503.52594466125,-0.060170417355828495
TP 6% / SL 2%,MRS,2025-09-24 01:05:58.767496+00:00,19.818487540499998,21.00759679293,19.42211778969,tp,2025-09-24 03:06:44.293854+00:00,24.926195528309098,0.6,23.609454963738116,0.0
TP 6% / SL 2%,MYX,2025-09-23 10:00:20.163097+00:00,9.226760513332975,9.780366144132953,9.042225303066315,tp,2025-09-23 23:05:14.253378+00:00,9.94674498987237,0.6,8.70456058878385,0.0
TP 6% / SL 2%,NEAR,2025-09-23 10:00:20.163097+00:00,2.9659542541372454,3.14391150938548,2.9066351690545007,sl,2025-09-23 13:01:29.588835+00:00,2.902731683418561,-0.2,2.9687903715334056,0.0
TP 6% / SL 2%,OKB,2025-09-23 10:00:20.163097+00:00,183.56287434293898,194.57664680351533,179.8916168560802,no_hit,,,-0.16332852174098825,180.56476905164308,-0.16332852174098825
TP 6% / SL 2%,PENGU,2025-09-23 10:00:20.163097+00:00,0.03052663332236611,0.03235823132170808,0.02991610065591879,sl,2025-09-23 13:01:29.588835+00:00,0.02976505646224513,-0.2,0.02956038208349984,0.0
TP 6% / SL 2%,PEPE,2025-09-23 10:00:20.163097+00:00,9.621446700679396e-06,1.0198733502720161e-05,9.429017766665808e-06,no_hit,,,0.00026090587485560893,9.621697729876278e-06,0.00026090587485560893
TP 6% / SL 2%,POL,2025-09-23 10:00:20.163097+00:00,0.2269432786663184,0.2405598753862975,0.22240441309299203,no_hit,,,-0.12118951113249489,0.22419296416668072,-0.12118951113249489
TP 6% / SL 2%,PUMP,2025-09-23 10:00:20.163097+00:00,0.00562369,0.0059611114,0.005511216199999999,no_hit,,,0.4150833349633437,0.00585712,0.4150833349633437
TP 6% / SL 2%,RYO,2025-09-23 10:00:20.163097+00:00,6.675132195507821,7.075640127238291,6.541629551597665,no_hit,,,0.04679738631223236,6.706370069511661,0.04679738631223236
TP 6% / SL 2%,SEI,2025-09-23 10:00:20.163097+00:00,0.28846148829519425,0.3057691775929059,0.28269225852929036,no_hit,,,0.07108507377353754,0.2905120189128231,0.07108507377353754
TP 6% / SL 2%,SHIB,2025-09-23 10:00:20.163097+00:00,1.2088276419813053e-05,1.2813573005001836e-05,1.184651089141679e-05,no_hit,,,0.020755383686762024,1.2113366101333538e-05,0.020755383686762024
TP 6% / SL 2%,STETH,2025-09-23 10:00:20.163097+00:00,4185.830180880786,4436.979991733634,4102.113577263171,no_hit,,,-0.05622793418306282,4162.294122489582,-0.05622793418306282
TP 6% / SL 2%,SUI,2025-09-23 10:00:20.163097+00:00,3.3636717545544768,3.5654920598277458,3.2963983194633872,no_hit,,,-0.07669847811978907,3.337872904107592,-0.07669847811978907
TP 6% / SL 2%,SUSDE,2025-09-23 10:00:20.163097+00:00,1.1973819426883159,1.269224859249615,1.1734343038345496,no_hit,,,-0.010205055550675343,1.196160007764265,-0.010205055550675343
TP 6% / SL 2%,SUSDS,2025-09-23 10:00:20.163097+00:00,1.068,1.1320800000000002,1.04664,no_hit,,,0.05617977528089893,1.074,0.05617977528089893
TP 6% / SL 2%,T99,2025-09-23 10:00:20.163097+00:00,0.16970172501119615,0.17988382851186793,0.16630769051097222,no_hit,,,-0.009154026610780306,0.16954637960053137,-0.009154026610780306
TP 6% / SL 2%,TAO,2025-09-23 10:00:20.163097+00:00,316.73600504439395,335.7401653470576,310.4012849435061,sl,2025-09-24 06:07:54.984407+00:00,309.59193164498737,-0.2,309.59193164498737,0.0
TP 6% / SL 2%,UNI,2025-09-23 10:00:20.163097+00:00,8.204094226053533,8.696339879616746,8.040012341532462,no_hit,,,-0.17050734537649315,8.064208393283232,-0.17050734537649315
TP 6% / SL 2%,USDTB,2025-09-23 10:00:20.163097+00:00,0.999941,1.05993746,0.97994218,no_hit,,,0.0005900348120542237,1.0,0.0005900348120542237
TP 6% / SL 2%,UZX,2025-09-23 10:00:20.163097+00:00,2.7359540744516213,2.900111318918719,2.681234992962589,no_hit,,,-0.0809910351431058,2.713795299192238,-0.0809910351431058
TP 6% / SL 2%,WBETH,2025-09-23 10:00:20.163097+00:00,4523.004729349225,4794.385013110179,4432.544634762241,no_hit,,,-0.07411915725970797,4489.4805994671215,-0.07411915725970797
TP 6% / SL 2%,WEETH,2025-09-23 10:00:20.163097+00:00,4503.268573111907,4773.464687498622,4413.203201649669,no_hit,,,-0.04935887041128545,4481.040948119163,-0.04935887041128545
TP 6% / SL 2%,WLFI,2025-09-23 10:00:20.163097+00:00,0.21288,0.22565280000000001,0.2086224,sl,2025-09-23 13:01:29.588835+00:00,0.207337,-0.2,0.195567613873244,0.0
TP 6% / SL 2%,ZETRIX,2025-09-23 10:00:20.163097+00:00,14.384535506349525,15.247607636730498,14.096844796222534,sl,2025-09-23 22:04:52.221195+00:00,14.086648588334919,-0.2,14.0496032339837,0.0
TP 6% / SL 3%,ALGO,2025-09-23 10:00:20.163097+00:00,0.21305624905858864,0.22583962400210397,0.20666456158683097,no_hit,,,0.01993975833458364,0.21348107807037875,0.01993975833458364
TP 6% / SL 3%,APT,2025-09-23 10:00:20.163097+00:00,4.262954311006833,4.518731569667244,4.135065681676628,no_hit,,,0.02913050510847547,4.2753725122402315,0.02913050510847547
TP 6% / SL 3%,ARB,2025-09-23 10:00:20.163097+00:00,0.4360607052784293,0.46222434759513503,0.4229788841200764,no_hit,,,-0.06531341172119362,0.43321264404050086,-0.06531341172119362
TP 6% / SL 3%,BGB,2025-09-23 10:00:20.163097+00:00,5.144799814025732,5.453487802867277,4.99045581960496,no_hit,,,0.19280065431127896,5.243991891070203,0.19280065431127896
TP 6% / SL 3%,CBBTC,2025-09-23 10:00:20.163097+00:00,112760.1910500108,119525.80251301145,109377.38531851048,no_hit,,,-0.08245827269027453,111830.38999178988,-0.08245827269027453
TP 6% / SL 3%,CNX,2025-09-23 10:00:20.163097+00:00,57.63531723012122,61.093436263928496,55.90625771321758,no_hit,,,-0.07731903712725466,57.18968650684553,-0.07731903712725466
TP 6% / SL 3%,DOGE,2025-09-23 10:00:20.163097+00:00,0.24011896802991672,0.2545261061117117,0.23291539898901922,no_hit,,,-0.056854125964406435,0.2387537926244351,-0.056854125964406435
TP 6% / SL 3%,ETC,2025-09-23 10:00:20.163097+00:00,18.62549207712627,19.74302160175385,18.066727314812482,no_hit,,,0.13609949390848597,18.87898408167561,0.13609949390848597
TP 6% / SL 3%,FLR,2025-09-23 10:00:20.163097+00:00,0.02369964,0.025121618400000004,0.0229886508,no_hit,,,-0.07691256069712449,0.02351736,-0.07691256069712449
TP 6% / SL 3%,HBAR,2025-09-23 10:00:20.163097+00:00,0.22158655842908648,0.23488175193483168,0.21493896167621387,no_hit,,,-0.07309963304635933,0.2199667688181693,-0.07309963304635933
TP 6% / SL 3%,ICP,2025-09-23 10:00:20.163097+00:00,4.3269519130929055,4.58656902787848,4.197143355700118,no_hit,,,-0.0028685943934585027,4.325710686093039,-0.0028685943934585027
TP 6% / SL 3%,INSURANCE,2025-09-23 10:00:20.163097+00:00,115.12340928096523,122.03081383782316,111.66970700253627,no_hit,,,0.06044015523595499,115.81921695378863,0.06044015523595499
TP 6% / SL 3%,L1X,2025-09-23 10:00:20.163097+00:00,17.268180245387512,18.304271060110764,16.750134838025886,no_hit,,,-0.02559511408564648,17.223982141044292,-0.02559511408564648
TP 6% / SL 3%,LEO,2025-09-23 10:00:20.163097+00:00,9.484196231309511,10.053248005188083,9.199670344370226,no_hit,,,0.013071901480934392,9.496593879185664,0.013071901480934392
TP 6% / SL 3%,LINK,2025-09-23 10:00:20.163097+00:00,21.53569303431039,22.827834616369017,20.889622243281078,no_hit,,,0.05708337286903276,21.65862603385745,0.05708337286903276
TP 6% / SL 3%,LSETH,2025-09-23 10:00:20.163097+00:00,4530.787884457101,4802.635157524528,4394.864247923389,no_hit,,,-0.060170417355828495,4503.52594466125,-0.060170417355828495
TP 6% / SL 3%,MRS,2025-09-24 01:05:58.767496+00:00,19.818487540499998,21.00759679293,19.223932914284998,tp,2025-09-24 03:06:44.293854+00:00,24.926195528309098,0.6,23.609454963738116,0.0
TP 6% / SL 3%,MYX,2025-09-23 10:00:20.163097+00:00,9.226760513332975,9.780366144132953,8.949957697932986,tp,2025-09-23 23:05:14.253378+00:00,9.94674498987237,0.6,8.70456058878385,0.0
TP 6% / SL 3%,NEAR,2025-09-23 10:00:20.163097+00:00,2.9659542541372454,3.14391150938548,2.876975626513128,no_hit,,,0.00956224254707925,2.9687903715334056,0.00956224254707925
TP 6% / SL 3%,OKB,2025-09-23 10:00:20.163097+00:00,183.56287434293898,194.57664680351533,178.0559881126508,no_hit,,,-0.16332852174098825,180.56476905164308,-0.16332852174098825
TP 6% / SL 3%,PENGU,2025-09-23 10:00:20.163097+00:00,0.03052663332236611,0.03235823132170808,0.029610834322695127,sl,2025-09-24 06:07:54.984407+00:00,0.02956038208349984,-0.3,0.02956038208349984,0.0
TP 6% / SL 3%,PEPE,2025-09-23 10:00:20.163097+00:00,9.621446700679396e-06,1.0198733502720161e-05,9.332803299659015e-06,no_hit,,,0.00026090587485560893,9.621697729876278e-06,0.00026090587485560893
TP 6% / SL 3%,POL,2025-09-23 10:00:20.163097+00:00,0.2269432786663184,0.2405598753862975,0.22013498030632883,no_hit,,,-0.12118951113249489,0.22419296416668072,-0.12118951113249489
TP 6% / SL 3%,PUMP,2025-09-23 10:00:20.163097+00:00,0.00562369,0.0059611114,0.005454979299999999,no_hit,,,0.4150833349633437,0.00585712,0.4150833349633437
TP 6% / SL 3%,RYO,2025-09-23 10:00:20.163097+00:00,6.675132195507821,7.075640127238291,6.474878229642586,no_hit,,,0.04679738631223236,6.706370069511661,0.04679738631223236
TP 6% / SL 3%,SEI,2025-09-23 10:00:20.163097+00:00,0.28846148829519425,0.3057691775929059,0.2798076436463384,no_hit,,,0.07108507377353754,0.2905120189128231,0.07108507377353754
TP 6% / SL 3%,SHIB,2025-09-23 10:00:20.163097+00:00,1.2088276419813053e-05,1.2813573005001836e-05,1.172562812721866e-05,no_hit,,,0.020755383686762024,1.2113366101333538e-05,0.020755383686762024
TP 6% / SL 3%,STETH,2025-09-23 10:00:20.163097+00:00,4185.830180880786,4436.979991733634,4060.2552754543626,no_hit,,,-0.05622793418306282,4162.294122489582,-0.05622793418306282
TP 6% / SL 3%,SUI,2025-09-23 10:00:20.163097+00:00,3.3636717545544768,3.5654920598277458,3.2627616019178425,no_hit,,,-0.07669847811978907,3.337872904107592,-0.07669847811978907
TP 6% / SL 3%,SUSDE,2025-09-23 10:00:20.163097+00:00,1.1973819426883159,1.269224859249615,1.1614604844076664,no_hit,,,-0.010205055550675343,1.196160007764265,-0.010205055550675343
TP 6% / SL 3%,SUSDS,2025-09-23 10:00:20.163097+00:00,1.068,1.1320800000000002,1.03596,no_hit,,,0.05617977528089893,1.074,0.05617977528089893
TP 6% / SL 3%,T99,2025-09-23 10:00:20.163097+00:00,0.16970172501119615,0.17988382851186793,0.16461067326086026,no_hit,,,-0.009154026610780306,0.16954637960053137,-0.009154026610780306
TP 6% / SL 3%,TAO,2025-09-23 10:00:20.163097+00:00,316.73600504439395,335.7401653470576,307.2339248930621,no_hit,,,-0.22555293006253777,309.59193164498737,-0.22555293006253777
TP 6% / SL 3%,UNI,2025-09-23 10:00:20.163097+00:00,8.204094226053533,8.696339879616746,7.957971399271926,no_hit,,,-0.17050734537649315,8.064208393283232,-0.17050734537649315
TP 6% / SL 3%,USDTB,2025-09-23 10:00:20.163097+00:00,0.999941,1.05993746,0.96994277,no_hit,,,0.0005900348120542237,1.0,0.0005900348120542237
TP 6% / SL 3%,UZX,2025-09-23 10:00:20.163097+00:00,2.7359540744516213,2.900111318918719,2.6538754522180725,no_hit,,,-0.0809910351431058,2.713795299192238,-0.0809910351431058
TP 6% / SL 3%,WBETH,2025-09-23 10:00:20.163097+00:00,4523.004729349225,4794.385013110179,4387.314587468748,no_hit,,,-0.07411915725970797,4489.4805994671215,-0.07411915725970797
TP 6% / SL 3%,WEETH,2025-09-23 10:00:20.163097+00:00,4503.268573111907,4773.464687498622,4368.17051591855,no_hit,,,-0.04935887041128545,4481.040948119163,-0.04935887041128545
TP 6% / SL 3%,WLFI,2025-09-23 10:00:20.163097+00:00,0.21288,0.22565280000000001,0.2064936,sl,2025-09-23 14:01:52.989822+00:00,0.200303,-0.3,0.195567613873244,0.0
TP 6% / SL 3%,ZETRIX,2025-09-23 10:00:20.163097+00:00,14.384535506349525,15.247607636730498,13.95299944115904,no_hit,,,-0.23284191013187916,14.0496032339837,-0.23284191013187916
TP 9% / SL 3%,ALGO,2025-09-23 10:00:20.163097+00:00,0.21305624905858864,0.23223131147386164,0.20666456158683097,no_hit,,,0.01993975833458364,0.21348107807037875,0.01993975833458364
TP 9% / SL 3%,APT,2025-09-23 10:00:20.163097+00:00,4.262954311006833,4.646620198997448,4.135065681676628,no_hit,,,0.02913050510847547,4.2753725122402315,0.02913050510847547
TP 9% / SL 3%,ARB,2025-09-23 10:00:20.163097+00:00,0.4360607052784293,0.47530616875348797,0.4229788841200764,no_hit,,,-0.06531341172119362,0.43321264404050086,-0.06531341172119362
TP 9% / SL 3%,BGB,2025-09-23 10:00:20.163097+00:00,5.144799814025732,5.607831797288048,4.99045581960496,no_hit,,,0.19280065431127896,5.243991891070203,0.19280065431127896
TP 9% / SL 3%,CBBTC,2025-09-23 10:00:20.163097+00:00,112760.1910500108,122908.6082445118,109377.38531851048,no_hit,,,-0.08245827269027453,111830.38999178988,-0.08245827269027453
TP 9% / SL 3%,CNX,2025-09-23 10:00:20.163097+00:00,57.63531723012122,62.82249578083213,55.90625771321758,no_hit,,,-0.07731903712725466,57.18968650684553,-0.07731903712725466
TP 9% / SL 3%,DOGE,2025-09-23 10:00:20.163097+00:00,0.24011896802991672,0.26172967515260925,0.23291539898901922,no_hit,,,-0.056854125964406435,0.2387537926244351,-0.056854125964406435
TP 9% / SL 3%,ETC,2025-09-23 10:00:20.163097+00:00,18.62549207712627,20.301786364067638,18.066727314812482,no_hit,,,0.13609949390848597,18.87898408167561,0.13609949390848597
TP 9% / SL 3%,FLR,2025-09-23 10:00:20.163097+00:00,0.02369964,0.0258326076,0.0229886508,no_hit,,,-0.07691256069712449,0.02351736,-0.07691256069712449
TP 9% / SL 3%,HBAR,2025-09-23 10:00:20.163097+00:00,0.22158655842908648,0.2415293486877043,0.21493896167621387,no_hit,,,-0.07309963304635933,0.2199667688181693,-0.07309963304635933
TP 9% / SL 3%,ICP,2025-09-23 10:00:20.163097+00:00,4.3269519130929055,4.7163775852712675,4.197143355700118,no_hit,,,-0.0028685943934585027,4.325710686093039,-0.0028685943934585027
TP 9% / SL 3%,INSURANCE,2025-09-23 10:00:20.163097+00:00,115.12340928096523,125.48451611625211,111.66970700253627,no_hit,,,0.06044015523595499,115.81921695378863,0.06044015523595499
TP 9% / SL 3%,L1X,2025-09-23 10:00:20.163097+00:00,17.268180245387512,18.82231646747239,16.750134838025886,no_hit,,,-0.02559511408564648,17.223982141044292,-0.02559511408564648
TP 9% / SL 3%,LEO,2025-09-23 10:00:20.163097+00:00,9.484196231309511,10.337773892127368,9.199670344370226,no_hit,,,0.013071901480934392,9.496593879185664,0.013071901480934392
TP 9% / SL 3%,LINK,2025-09-23 10:00:20.163097+00:00,21.53569303431039,23.473905407398327,20.889622243281078,no_hit,,,0.05708337286903276,21.65862603385745,0.05708337286903276
TP 9% / SL 3%,LSETH,2025-09-23 10:00:20.163097+00:00,4530.787884457101,4938.558794058241,4394.864247923389,no_hit,,,-0.060170417355828495,4503.52594466125,-0.060170417355828495
TP 9% / SL 3%,MRS,2025-09-24 01:05:58.767496+00:00,19.818487540499998,21.602151419145,19.223932914284998,tp,2025-09-24 03:06:44.293854+00:00,24.926195528309098,0.8999999999999999,23.609454963738116,0.0
TP 9% / SL 3%,MYX,2025-09-23 10:00:20.163097+00:00,9.226760513332975,10.057168959532943,8.949957697932986,tp,2025-09-24 00:05:36.296214+00:00,10.1476553788407,0.8999999999999999,8.70456058878385,0.0
TP 9% / SL 3%,NEAR,2025-09-23 10:00:20.163097+00:00,2.9659542541372454,3.2328901370095977,2.876975626513128,no_hit,,,0.00956224254707925,2.9687903715334056,0.00956224254707925
TP 9% / SL 3%,OKB,2025-09-23 10:00:20.163097+00:00,183.56287434293898,200.08353303380352,178.0559881126508,no_hit,,,-0.16332852174098825,180.56476905164308,-0.16332852174098825
TP 9% / SL 3%,PENGU,2025-09-23 10:00:20.163097+00:00,0.03052663332236611,0.033274030321379065,0.029610834322695127,sl,2025-09-24 06:07:54.984407+00:00,0.02956038208349984,-0.3,0.02956038208349984,0.0
TP 9% / SL 3%,PEPE,2025-09-23 10:00:20.163097+00:00,9.621446700679396e-06,1.0487376903740543e-05,9.332803299659015e-06,no_hit,,,0.00026090587485560893,9.621697729876278e-06,0.00026090587485560893
TP 9% / SL 3%,POL,2025-09-23 10:00:20.163097+00:00,0.2269432786663184,0.24736817374628706,0.22013498030632883,no_hit,,,-0.12118951113249489,0.22419296416668072,-0.12118951113249489
TP 9% / SL 3%,PUMP,2025-09-23 10:00:20.163097+00:00,0.00562369,0.0061298221000000005,0.005454979299999999,no_hit,,,0.4150833349633437,0.00585712,0.4150833349633437
TP 9% / SL 3%,RYO,2025-09-23 10:00:20.163097+00:00,6.675132195507821,7.275894093103526,6.474878229642586,no_hit,,,0.04679738631223236,6.706370069511661,0.04679738631223236
TP 9% / SL 3%,SEI,2025-09-23 10:00:20.163097+00:00,0.28846148829519425,0.3144230222417618,0.2798076436463384,no_hit,,,0.07108507377353754,0.2905120189128231,0.07108507377353754
TP 9% / SL 3%,SHIB,2025-09-23 10:00:20.163097+00:00,1.2088276419813053e-05,1.3176221297596229e-05,1.172562812721866e-05,no_hit,,,0.020755383686762024,1.2113366101333538e-05,0.020755383686762024
TP 9% / SL 3%,STETH,2025-09-23 10:00:20.163097+00:00,4185.830180880786,4562.554897160057,4060.2552754543626,no_hit,,,-0.05622793418306282,4162.294122489582,-0.05622793418306282
TP 9% / SL 3%,SUI,2025-09-23 10:00:20.163097+00:00,3.3636717545544768,3.66640221246438,3.2627616019178425,no_hit,,,-0.07669847811978907,3.337872904107592,-0.07669847811978907
TP 9% / SL 3%,SUSDE,2025-09-23 10:00:20.163097+00:00,1.1973819426883159,1.3051463175302644,1.1614604844076664,no_hit,,,-0.010205055550675343,1.196160007764265,-0.010205055550675343
TP 9% / SL 3%,SUSDS,2025-09-23 10:00:20.163097+00:00,1.068,1.16412,1.03596,no_hit,,,0.05617977528089893,1.074,0.05617977528089893
TP 9% / SL 3%,T99,2025-09-23 10:00:20.163097+00:00,0.16970172501119615,0.18497488026220382,0.16461067326086026,no_hit,,,-0.009154026610780306,0.16954637960053137,-0.009154026610780306
TP 9% / SL 3%,TAO,2025-09-23 10:00:20.163097+00:00,316.73600504439395,345.2422454983894,307.2339248930621,no_hit,,,-0.22555293006253777,309.59193164498737,-0.22555293006253777
TP 9% / SL 3%,UNI,2025-09-23 10:00:20.163097+00:00,8.204094226053533,8.942462706398352,7.957971399271926,no_hit,,,-0.17050734537649315,8.064208393283232,-0.17050734537649315
TP 9% / SL 3%,USDTB,2025-09-23 10:00:20.163097+00:00,0.999941,1.0899356900000001,0.96994277,no_hit,,,0.0005900348120542237,1.0,0.0005900348120542237
TP 9% / SL 3%,UZX,2025-09-23 10:00:20.163097+00:00,2.7359540744516213,2.9821899411522677,2.6538754522180725,no_hit,,,-0.0809910351431058,2.713795299192238,-0.0809910351431058
TP 9% / SL 3%,WBETH,2025-09-23 10:00:20.163097+00:00,4523.004729349225,4930.075154990656,4387.314587468748,no_hit,,,-0.07411915725970797,4489.4805994671215,-0.07411915725970797
TP 9% / SL 3%,WEETH,2025-09-23 10:00:20.163097+00:00,4503.268573111907,4908.562744691979,4368.17051591855,no_hit,,,-0.04935887041128545,4481.040948119163,-0.04935887041128545
TP 9% / SL 3%,WLFI,2025-09-23 10:00:20.163097+00:00,0.21288,0.23203920000000003,0.2064936,sl,2025-09-23 14:01:52.989822+00:00,0.200303,-0.3,0.195567613873244,0.0
TP 9% / SL 3%,ZETRIX,2025-09-23 10:00:20.163097+00:00,14.384535506349525,15.679143701920983,13.95299944115904,no_hit,,,-0.23284191013187916,14.0496032339837,-0.23284191013187916
TP 10% / SL 5%,ALGO,2025-09-23 10:00:20.163097+00:00,0.21305624905858864,0.23436187396444752,0.2024034366056592,no_hit,,,0.01993975833458364,0.21348107807037875,0.01993975833458364
TP 10% / SL 5%,APT,2025-09-23 10:00:20.163097+00:00,4.262954311006833,4.689249742107517,4.0498065954564915,no_hit,,,0.02913050510847547,4.2753725122402315,0.02913050510847547
TP 10% / SL 5%,ARB,2025-09-23 10:00:20.163097+00:00,0.4360607052784293,0.47966677580627226,0.4142576700145078,no_hit,,,-0.06531341172119362,0.43321264404050086,-0.06531341172119362
TP 10% / SL 5%,BGB,2025-09-23 10:00:20.163097+00:00,5.144799814025732,5.659279795428306,4.8875598233244455,no_hit,,,0.19280065431127896,5.243991891070203,0.19280065431127896
TP 10% / SL 5%,CBBTC,2025-09-23 10:00:20.163097+00:00,112760.1910500108,124036.2101550119,107122.18149751026,no_hit,,,-0.08245827269027453,111830.38999178988,-0.08245827269027453
TP 10% / SL 5%,CNX,2025-09-23 10:00:20.163097+00:00,57.63531723012122,63.398848953133346,54.753551368615156,no_hit,,,-0.07731903712725466,57.18968650684553,-0.07731903712725466
TP 10% / SL 5%,DOGE,2025-09-23 10:00:20.163097+00:00,0.24011896802991672,0.26413086483290843,0.22811301962842087,no_hit,,,-0.056854125964406435,0.2387537926244351,-0.056854125964406435
TP 10% / SL 5%,ETC,2025-09-23 10:00:20.163097+00:00,18.62549207712627,20.4880412848389,17.69421747326996,no_hit,,,0.13609949390848597,18.87898408167561,0.13609949390848597
TP 10% / SL 5%,FLR,2025-09-23 10:00:20.163097+00:00,0.02369964,0.026069604000000003,0.022514658,no_hit,,,-0.07691256069712449,0.02351736,-0.07691256069712449
TP 10% / SL 5%,HBAR,2025-09-23 10:00:20.163097+00:00,0.22158655842908648,0.24374521427199514,0.21050723050763215,no_hit,,,-0.07309963304635933,0.2199667688181693,-0.07309963304635933
TP 10% / SL 5%,ICP,2025-09-23 10:00:20.163097+00:00,4.3269519130929055,4.759647104402196,4.11060431743826,no_hit,,,-0.0028685943934585027,4.325710686093039,-0.0028685943934585027
TP 10% / SL 5%,INSURANCE,2025-09-23 10:00:20.163097+00:00,115.12340928096523,126.63575020906177,109.36723881691697,no_hit,,,0.06044015523595499,115.81921695378863,0.06044015523595499
TP 10% / SL 5%,L1X,2025-09-23 10:00:20.163097+00:00,17.268180245387512,18.994998269926263,16.404771233118137,no_hit,,,-0.02559511408564648,17.223982141044292,-0.02559511408564648
TP 10% / SL 5%,LEO,2025-09-23 10:00:20.163097+00:00,9.484196231309511,10.432615854440463,9.009986419744035,no_hit,,,0.013071901480934392,9.496593879185664,0.013071901480934392
TP 10% / SL 5%,LINK,2025-09-23 10:00:20.163097+00:00,21.53569303431039,23.689262337741432,20.45890838259487,no_hit,,,0.05708337286903276,21.65862603385745,0.05708337286903276
TP 10% / SL 5%,LSETH,2025-09-23 10:00:20.163097+00:00,4530.787884457101,4983.866672902812,4304.248490234246,no_hit,,,-0.060170417355828495,4503.52594466125,-0.060170417355828495
TP 10% / SL 5%,MRS,2025-09-24 01:05:58.767496+00:00,19.818487540499998,21.80033629455,18.827563163475,tp,2025-09-24 03:06:44.293854+00:00,24.926195528309098,1.0,23.609454963738116,0.0
TP 10% / SL 5%,MYX,2025-09-23 10:00:20.163097+00:00,9.226760513332975,10.149436564666273,8.765422487666326,sl,2025-09-24 05:07:32.149141+00:00,8.685391663181123,-0.5,8.70456058878385,0.0
TP 10% / SL 5%,NEAR,2025-09-23 10:00:20.163097+00:00,2.9659542541372454,3.26254967955097,2.817656541430383,no_hit,,,0.00956224254707925,2.9687903715334056,0.00956224254707925
TP 10% / SL 5%,OKB,2025-09-23 10:00:20.163097+00:00,183.56287434293898,201.9191617772329,174.38473062579203,no_hit,,,-0.16332852174098825,180.56476905164308,-0.16332852174098825
TP 10% / SL 5%,PENGU,2025-09-23 10:00:20.163097+00:00,0.03052663332236611,0.03357929665460272,0.029000301656247805,no_hit,,,-0.31652728575159433,0.02956038208349984,-0.31652728575159433
TP 10% / SL 5%,PEPE,2025-09-23 10:00:20.163097+00:00,9.621446700679396e-06,1.0583591370747336e-05,9.140374365645426e-06,no_hit,,,0.00026090587485560893,9.621697729876278e-06,0.00026090587485560893
TP 10% / SL 5%,POL,2025-09-23 10:00:20.163097+00:00,0.2269432786663184,0.24963760653295025,0.21559611473300247,no_hit,,,-0.12118951113249489,0.22419296416668072,-0.12118951113249489
TP 10% / SL 5%,PUMP,2025-09-23 10:00:20.163097+00:00,0.00562369,0.006186059,0.0053425055,no_hit,,,0.4150833349633437,0.00585712,0.4150833349633437
TP 10% / SL 5%,RYO,2025-09-23 10:00:20.163097+00:00,6.675132195507821,7.342645415058604,6.34137558573243,no_hit,,,0.04679738631223236,6.706370069511661,0.04679738631223236
TP 10% / SL 5%,SEI,2025-09-23 10:00:20.163097+00:00,0.28846148829519425,0.3173076371247137,0.27403841388043454,no_hit,,,0.07108507377353754,0.2905120189128231,0.07108507377353754
TP 10% / SL 5%,SHIB,2025-09-23 10:00:20.163097+00:00,1.2088276419813053e-05,1.329710406179436e-05,1.14838625988224e-05,no_hit,,,0.020755383686762024,1.2113366101333538e-05,0.020755383686762024
TP 10% / SL 5%,STETH,2025-09-23 10:00:20.163097+00:00,4185.830180880786,4604.413198968866,3976.5386718367467,no_hit,,,-0.05622793418306282,4162.294122489582,-0.05622793418306282
TP 10% / SL 5%,SUI,2025-09-23 10:00:20.163097+00:00,3.3636717545544768,3.700038930009925,3.195488166826753,no_hit,,,-0.07669847811978907,3.337872904107592,-0.07669847811978907
TP 10% / SL 5%,SUSDE,2025-09-23 10:00:20.163097+00:00,1.1973819426883159,1.3171201369571475,1.1375128455539,no_hit,,,-0.010205055550675343,1.196160007764265,-0.010205055550675343
TP 10% / SL 5%,SUSDS,2025-09-23 10:00:20.163097+00:00,1.068,1.1748,1.0146,no_hit,,,0.05617977528089893,1.074,0.05617977528089893
TP 10% / SL 5%,T99,2025-09-23 10:00:20.163097+00:00,0.16970172501119615,0.18667189751231578,0.16121663876063633,no_hit,,,-0.009154026610780306,0.16954637960053137,-0.009154026610780306
TP 10% / SL 5%,TAO,2025-09-23 10:00:20.163097+00:00,316.73600504439395,348.4096055488334,300.89920479217426,no_hit,,,-0.22555293006253777,309.59193164498737,-0.22555293006253777
TP 10% / SL 5%,UNI,2025-09-23 10:00:20.163097+00:00,8.204094226053533,9.024503648658888,7.793889514750855,no_hit,,,-0.17050734537649315,8.064208393283232,-0.17050734537649315
TP 10% / SL 5%,USDTB,2025-09-23 10:00:20.163097+00:00,0.999941,1.0999351,0.94994395,no_hit,,,0.0005900348120542237,1.0,0.0005900348120542237
TP 10% / SL 5%,UZX,2025-09-23 10:00:20.163097+00:00,2.7359540744516213,3.0095494818967836,2.59915637072904,no_hit,,,-0.0809910351431058,2.713795299192238,-0.0809910351431058
TP 10% / SL 5%,WBETH,2025-09-23 10:00:20.163097+00:00,4523.004729349225,4975.305202284148,4296.854492881764,no_hit,,,-0.07411915725970797,4489.4805994671215,-0.07411915725970797
TP 10% / SL 5%,WEETH,2025-09-23 10:00:20.163097+00:00,4503.268573111907,4953.595430423098,4278.105144456312,no_hit,,,-0.04935887041128545,4481.040948119163,-0.04935887041128545
TP 10% / SL 5%,WLFI,2025-09-23 10:00:20.163097+00:00,0.21288,0.23416800000000004,0.202236,sl,2025-09-23 14:01:52.989822+00:00,0.200303,-0.5,0.195567613873244,0.0
TP 10% / SL 5%,ZETRIX,2025-09-23 10:00:20.163097+00:00,14.384535506349525,15.822989056984479,13.665308731032049,no_hit,,,-0.23284191013187916,14.0496032339837,-0.23284191013187916
TP 12% / SL 6%,ALGO,2025-09-23 10:00:20.163097+00:00,0.21305624905858864,0.2386229989456193,0.2002728741150733,no_hit,,,0.01993975833458364,0.21348107807037875,0.01993975833458364
TP 12% / SL 6%,APT,2025-09-23 10:00:20.163097+00:00,4.262954311006833,4.7745088283276536,4.007177052346423,no_hit,,,0.02913050510847547,4.2753725122402315,0.02913050510847547
TP 12% / SL 6%,ARB,2025-09-23 10:00:20.163097+00:00,0.4360607052784293,0.48838798991184085,0.4098970629617235,no_hit,,,-0.06531341172119362,0.43321264404050086,-0.06531341172119362
TP 12% / SL 6%,BGB,2025-09-23 10:00:20.163097+00:00,5.144799814025732,5.76217579170882,4.8361118251841875,no_hit,,,0.19280065431127896,5.243991891070203,0.19280065431127896
TP 12% / SL 6%,CBBTC,2025-09-23 10:00:20.163097+00:00,112760.1910500108,126291.41397601212,105994.57958701016,no_hit,,,-0.08245827269027453,111830.38999178988,-0.08245827269027453
TP 12% / SL 6%,CNX,2025-09-23 10:00:20.163097+00:00,57.63531723012122,64.55155529773577,54.17719819631394,no_hit,,,-0.07731903712725466,57.18968650684553,-0.07731903712725466
TP 12% / SL 6%,DOGE,2025-09-23 10:00:20.163097+00:00,0.24011896802991672,0.2689332441935068,0.2257118299481217,no_hit,,,-0.056854125964406435,0.2387537926244351,-0.056854125964406435
TP 12% / SL 6%,ETC,2025-09-23 10:00:20.163097+00:00,18.62549207712627,20.860551126381427,17.507962552498693,no_hit,,,0.13609949390848597,18.87898408167561,0.13609949390848597
TP 12% / SL 6%,FLR,2025-09-23 10:00:20.163097+00:00,0.02369964,0.026543596800000003,0.0222776616,no_hit,,,-0.07691256069712449,0.02351736,-0.07691256069712449
TP 12% / SL 6%,HBAR,2025-09-23 10:00:20.163097+00:00,0.22158655842908648,0.2481769454405769,0.20829136492334127,no_hit,,,-0.07309963304635933,0.2199667688181693,-0.07309963304635933
TP 12% / SL 6%,ICP,2025-09-23 10:00:20.163097+00:00,4.3269519130929055,4.846186142664054,4.067334798307331,no_hit,,,-0.0028685943934585027,4.325710686093039,-0.0028685943934585027
TP 12% / SL 6%,INSURANCE,2025-09-23 10:00:20.163097+00:00,115.12340928096523,128.9382183946811,108.21600472410731,no_hit,,,0.06044015523595499,115.81921695378863,0.06044015523595499
TP 12% / SL 6%,L1X,2025-09-23 10:00:20.163097+00:00,17.268180245387512,19.340361874834016,16.23208943066426,no_hit,,,-0.02559511408564648,17.223982141044292,-0.02559511408564648
TP 12% / SL 6%,LEO,2025-09-23 10:00:20.163097+00:00,9.484196231309511,10.622299779066653,8.915144457430939,no_hit,,,0.013071901480934392,9.496593879185664,0.013071901480934392
TP 12% / SL 6%,LINK,2025-09-23 10:00:20.163097+00:00,21.53569303431039,24.11997619842764,20.243551452251765,no_hit,,,0.05708337286903276,21.65862603385745,0.05708337286903276
TP 12% / SL 6%,LSETH,2025-09-23 10:00:20.163097+00:00,4530.787884457101,5074.482430591954,4258.940611389675,no_hit,,,-0.060170417355828495,4503.52594466125,-0.060170417355828495
TP 12% / SL 6%,MRS,2025-09-24 01:05:58.767496+00:00,19.818487540499998,22.19670604536,18.629378288069997,tp,2025-09-24 03:06:44.293854+00:00,24.926195528309098,1.2,23.609454963738116,0.0
TP 12% / SL 6%,MYX,2025-09-23 10:00:20.163097+00:00,9.226760513332975,10.333971774932932,8.673154882532996,no_hit,,,-0.56596236977705,8.70456058878385,-0.56596236977705
TP 12% / SL 6%,NEAR,2025-09-23 10:00:20.163097+00:00,2.9659542541372454,3.3218687646337153,2.7879969988890108,no_hit,,,0.00956224254707925,2.9687903715334056,0.00956224254707925
TP 12% / SL 6%,OKB,2025-09-23 10:00:20.163097+00:00,183.56287434293898,205.59041926409168,172.54910188236263,no_hit,,,-0.16332852174098825,180.56476905164308,-0.16332852174098825
TP 12% / SL 6%,PENGU,2025-09-23 10:00:20.163097+00:00,0.03052663332236611,0.034189829321050046,0.028695035323024143,no_hit,,,-0.31652728575159433,0.02956038208349984,-0.31652728575159433
TP 12% / SL 6%,PEPE,2025-09-23 10:00:20.163097+00:00,9.621446700679396e-06,1.0776020304760924e-05,9.044159898638631e-06,no_hit,,,0.00026090587485560893,9.621697729876278e-06,0.00026090587485560893
TP 12% / SL 6%,POL,2025-09-23 10:00:20.163097+00:00,0.2269432786663184,0.25417647210627664,0.21332668194633927,no_hit,,,-0.12118951113249489,0.22419296416668072,-0.12118951113249489
TP 12% / SL 6%,PUMP,2025-09-23 10:00:20.163097+00:00,0.00562369,0.0062985328,0.0052862685999999996,no_hit,,,0.4150833349633437,0.00585712,0.4150833349633437
TP 12% / SL 6%,RYO,2025-09-23 10:00:20.163097+00:00,6.675132195507821,7.476148058968761,6.274624263777351,no_hit,,,0.04679738631223236,6.706370069511661,0.04679738631223236
TP 12% / SL 6%,SEI,2025-09-23 10:00:20.163097+00:00,0.28846148829519425,0.3230768668906176,0.2711537989974826,no_hit,,,0.07108507377353754,0.2905120189128231,0.07108507377353754
TP 12% / SL 6%,SHIB,2025-09-23 10:00:20.163097+00:00,1.2088276419813053e-05,1.353886959019062e-05,1.1362979834624269e-05,no_hit,,,0.020755383686762024,1.2113366101333538e-05,0.020755383686762024
TP 12% / SL 6%,STETH,2025-09-23 10:00:20.163097+00:00,4185.830180880786,4688.129802586482,3934.680370027939,no_hit,,,-0.05622793418306282,4162.294122489582,-0.05622793418306282
TP 12% / SL 6%,SUI,2025-09-23 10:00:20.163097+00:00,3.3636717545544768,3.7673123651010143,3.1618514492812078,no_hit,,,-0.07669847811978907,3.337872904107592,-0.07669847811978907
TP 12% / SL 6%,SUSDE,2025-09-23 10:00:20.163097+00:00,1.1973819426883159,1.341067775810914,1.1255390261270168,no_hit,,,-0.010205055550675343,1.196160007764265,-0.010205055550675343
TP 12% / SL 6%,SUSDS,2025-09-23 10:00:20.163097+00:00,1.068,1.1961600000000001,1.00392,no_hit,,,0.05617977528089893,1.074,0.05617977528089893
TP 12% / SL 6%,T99,2025-09-23 10:00:20.163097+00:00,0.16970172501119615,0.1900659320125397,0.15951962151052437,no_hit,,,-0.009154026610780306,0.16954637960053137,-0.009154026610780306
TP 12% / SL 6%,TAO,2025-09-23 10:00:20.163097+00:00,316.73600504439395,354.74432564972125,297.7318447417303,no_hit,,,-0.22555293006253777,309.59193164498737,-0.22555293006253777
TP 12% / SL 6%,UNI,2025-09-23 10:00:20.163097+00:00,8.204094226053533,9.188585533179957,7.711848572490321,no_hit,,,-0.17050734537649315,8.064208393283232,-0.17050734537649315
TP 12% / SL 6%,USDTB,2025-09-23 10:00:20.163097+00:00,0.999941,1.11993392,0.9399445399999999,no_hit,,,0.0005900348120542237,1.0,0.0005900348120542237
TP 12% / SL 6%,UZX,2025-09-23 10:00:20.163097+00:00,2.7359540744516213,3.064268563385816,2.5717968299845237,no_hit,,,-0.0809910351431058,2.713795299192238,-0.0809910351431058
TP 12% / SL 6%,WBETH,2025-09-23 10:00:20.163097+00:00,4523.004729349225,5065.765296871133,4251.624445588272,no_hit,,,-0.07411915725970797,4489.4805994671215,-0.07411915725970797
TP 12% / SL 6%,WEETH,2025-09-23 10:00:20.163097+00:00,4503.268573111907,5043.660801885337,4233.0724587251925,no_hit,,,-0.04935887041128545,4481.040948119163,-0.04935887041128545
TP 12% / SL 6%,WLFI,2025-09-23 10:00:20.163097+00:00,0.21288,0.23842560000000004,0.2001072,sl,2025-09-24 02:06:21.173045+00:00,0.197632,-0.6,0.195567613873244,0.0
TP 12% / SL 6%,ZETRIX,2025-09-23 10:00:20.163097+00:00,14.384535506349525,16.11067976711147,13.521463375968553,no_hit,,,-0.23284191013187916,14.0496032339837,-0.23284191013187916
TP 15% / SL 7.5%,ALGO,2025-09-23 10:00:20.163097+00:00,0.21305624905858864,0.24501468641737692,0.1970770303791945,no_hit,,,0.01993975833458364,0.21348107807037875,0.01993975833458364
TP 15% / SL 7.5%,APT,2025-09-23 10:00:20.163097+00:00,4.262954311006833,4.902397457657858,3.943232737681321,no_hit,,,0.02913050510847547,4.2753725122402315,0.02913050510847547
TP 15% / SL 7.5%,ARB,2025-09-23 10:00:20.163097+00:00,0.4360607052784293,0.5014698110701936,0.4033561523825471,no_hit,,,-0.06531341172119362,0.43321264404050086,-0.06531341172119362
TP 15% / SL 7.5%,BGB,2025-09-23 10:00:20.163097+00:00,5.144799814025732,5.916519786129592,4.758939827973802,no_hit,,,0.19280065431127896,5.243991891070203,0.19280065431127896
TP 15% / SL 7.5%,CBBTC,2025-09-23 10:00:20.163097+00:00,112760.1910500108,129674.21970751241,104303.17672126,no_hit,,,-0.08245827269027453,111830.38999178988,-0.08245827269027453
TP 15% / SL 7.5%,CNX,2025-09-23 10:00:20.163097+00:00,57.63531723012122,66.28061481463939,53.31266843786213,no_hit,,,-0.07731903712725466,57.18968650684553,-0.07731903712725466
TP 15% / SL 7.5%,DOGE,2025-09-23 10:00:20.163097+00:00,0.24011896802991672,0.2761368132344042,0.222110045427673,no_hit,,,-0.056854125964406435,0.2387537926244351,-0.056854125964406435
TP 15% / SL 7.5%,ETC,2025-09-23 10:00:20.163097+00:00,18.62549207712627,21.41931588869521,17.2285801713418,no_hit,,,0.13609949390848597,18.87898408167561,0.13609949390848597
TP 15% / SL 7.5%,FLR,2025-09-23 10:00:20.163097+00:00,0.02369964,0.027254585999999997,0.021922167000000003,no_hit,,,-0.07691256069712449,0.02351736,-0.07691256069712449
TP 15% / SL 7.5%,HBAR,2025-09-23 10:00:20.163097+00:00,0.22158655842908648,0.2548245421934494,0.204967566546905,no_hit,,,-0.07309963304635933,0.2199667688181693,-0.07309963304635933
TP 15% / SL 7.5%,ICP,2025-09-23 10:00:20.163097+00:00,4.3269519130929055,4.975994700056841,4.002430519610938,no_hit,,,-0.0028685943934585027,4.325710686093039,-0.0028685943934585027
TP 15% / SL 7.5%,INSURANCE,2025-09-23 10:00:20.163097+00:00,115.12340928096523,132.39192067311,106.48915358489285,no_hit,,,0.06044015523595499,115.81921695378863,0.06044015523595499
TP 15% / SL 7.5%,L1X,2025-09-23 10:00:20.163097+00:00,17.268180245387512,19.85840728219564,15.973066726983449,no_hit,,,-0.02559511408564648,17.223982141044292,-0.02559511408564648
TP 15% / SL 7.5%,LEO,2025-09-23 10:00:20.163097+00:00,9.484196231309511,10.906825666005936,8.772881513961298,no_hit,,,0.013071901480934392,9.496593879185664,0.013071901480934392
TP 15% / SL 7.5%,LINK,2025-09-23 10:00:20.163097+00:00,21.53569303431039,24.76604698945695,19.920516056737114,no_hit,,,0.05708337286903276,21.65862603385745,0.05708337286903276
TP 15% / SL 7.5%,LSETH,2025-09-23 10:00:20.163097+00:00,4530.787884457101,5210.406067125667,4190.978793122819,no_hit,,,-0.060170417355828495,4503.52594466125,-0.060170417355828495
TP 15% / SL 7.5%,MRS,2025-09-24 01:05:58.767496+00:00,19.818487540499998,22.791260671574996,18.3321009749625,tp,2025-09-24 03:06:44.293854+00:00,24.926195528309098,1.5,23.609454963738116,0.0
TP 15% / SL 7.5%,MYX,2025-09-23 10:00:20.163097+00:00,9.226760513332975,10.61077459033292,8.534753474833002,no_hit,,,-0.56596236977705,8.70456058878385,-0.56596236977705
TP 15% / SL 7.5%,NEAR,2025-09-23 10:00:20.163097+00:00,2.9659542541372454,3.410847392257832,2.743507685076952,no_hit,,,0.00956224254707925,2.9687903715334056,0.00956224254707925
TP 15% / SL 7.5%,OKB,2025-09-23 10:00:20.163097+00:00,183.56287434293898,211.0973054943798,169.79565876721855,no_hit,,,-0.16332852174098825,180.56476905164308,-0.16332852174098825
TP 15% / SL 7.5%,PENGU,2025-09-23 10:00:20.163097+00:00,0.03052663332236611,0.035105628320721026,0.028237135823188653,no_hit,,,-0.31652728575159433,0.02956038208349984,-0.31652728575159433
TP 15% / SL 7.5%,PEPE,2025-09-23 10:00:20.163097+00:00,9.621446700679396e-06,1.1064663705781304e-05,8.899838198128441e-06,no_hit,,,0.00026090587485560893,9.621697729876278e-06,0.00026090587485560893
TP 15% / SL 7.5%,POL,2025-09-23 10:00:20.163097+00:00,0.2269432786663184,0.2609847704662661,0.2099225327663445,no_hit,,,-0.12118951113249489,0.22419296416668072,-0.12118951113249489
TP 15% / SL 7.5%,PUMP,2025-09-23 10:00:20.163097+00:00,0.00562369,0.006467243499999999,0.00520191325,no_hit,,,0.4150833349633437,0.00585712,0.4150833349633437
TP 15% / SL 7.5%,RYO,2025-09-23 10:00:20.163097+00:00,6.675132195507821,7.676402024833994,6.174497280844735,no_hit,,,0.04679738631223236,6.706370069511661,0.04679738631223236
TP 15% / SL 7.5%,SEI,2025-09-23 10:00:20.163097+00:00,0.28846148829519425,0.33173071153947337,0.2668268766730547,no_hit,,,0.07108507377353754,0.2905120189128231,0.07108507377353754
TP 15% / SL 7.5%,SHIB,2025-09-23 10:00:20.163097+00:00,1.2088276419813053e-05,1.3901517882785009e-05,1.1181655688327074e-05,no_hit,,,0.020755383686762024,1.2113366101333538e-05,0.020755383686762024
TP 15% / SL 7.5%,STETH,2025-09-23 10:00:20.163097+00:00,4185.830180880786,4813.704708012904,3871.8929173147276,no_hit,,,-0.05622793418306282,4162.294122489582,-0.05622793418306282
TP 15% / SL 7.5%,SUI,2025-09-23 10:00:20.163097+00:00,3.3636717545544768,3.868222517737648,3.1113963729628913,no_hit,,,-0.07669847811978907,3.337872904107592,-0.07669847811978907
TP 15% / SL 7.5%,SUSDE,2025-09-23 10:00:20.163097+00:00,1.1973819426883159,1.3769892340915633,1.1075782969866923,no_hit,,,-0.010205055550675343,1.196160007764265,-0.010205055550675343
TP 15% / SL 7.5%,SUSDS,2025-09-23 10:00:20.163097+00:00,1.068,1.2282,0.9879000000000001,no_hit,,,0.05617977528089893,1.074,0.05617977528089893
TP 15% / SL 7.5%,T99,2025-09-23 10:00:20.163097+00:00,0.16970172501119615,0.19515698376287557,0.15697409563535644,no_hit,,,-0.009154026610780306,0.16954637960053137,-0.009154026610780306
TP 15% / SL 7.5%,TAO,2025-09-23 10:00:20.163097+00:00,316.73600504439395,364.246405801053,292.98080466606444,no_hit,,,-0.22555293006253777,309.59193164498737,-0.22555293006253777
TP 15% / SL 7.5%,UNI,2025-09-23 10:00:20.163097+00:00,8.204094226053533,9.434708359961562,7.588787159099518,no_hit,,,-0.17050734537649315,8.064208393283232,-0.17050734537649315
TP 15% / SL 7.5%,USDTB,2025-09-23 10:00:20.163097+00:00,0.999941,1.14993215,0.924945425,no_hit,,,0.0005900348120542237,1.0,0.0005900348120542237
TP 15% / SL 7.5%,UZX,2025-09-23 10:00:20.163097+00:00,2.7359540744516213,3.1463471856193643,2.53075751886775,no_hit,,,-0.0809910351431058,2.713795299192238,-0.0809910351431058
TP 15% / SL 7.5%,WBETH,2025-09-23 10:00:20.163097+00:00,4523.004729349225,5201.455438751609,4183.779374648034,no_hit,,,-0.07411915725970797,4489.4805994671215,-0.07411915725970797
TP 15% / SL 7.5%,WEETH,2025-09-23 10:00:20.163097+00:00,4503.268573111907,5178.758859078693,4165.5234301285145,no_hit,,,-0.04935887041128545,4481.040948119163,-0.04935887041128545
TP 15% / SL 7.5%,WLFI,2025-09-23 10:00:20.163097+00:00,0.21288,0.244812,0.19691400000000003,sl,2025-09-24 06:07:54.984407+00:00,0.195567613873244,-0.75,0.195567613873244,0.0
TP 15% / SL 7.5%,ZETRIX,2025-09-23 10:00:20.163097+00:00,14.384535506349525,16.542215832301952,13.305695343373312,no_hit,,,-0.23284191013187916,14.0496032339837,-0.23284191013187916
